{"cameraMode":{"drawMode":0,"name":"Shaded","section":"Shading Mode"},"sceneLighting":true,"audioPlay":false,"sceneViewState":{"m_AlwaysRefresh":false,"showFog":true,"showSkybox":true,"showFlares":true,"showImageEffects":true,"showParticleSystems":true,"showVisualEffectGraphs":true,"m_FxEnabled":true},"in2DMode":false,"pivot":{"x":-1.300693392753601,"y":-1.5001811981201172,"z":-20.29646110534668},"rotation":{"x":-0.0037289976608008148,"y":0.9908802509307861,"z":-0.13187207281589509,"w":-0.027952812612056733},"size":11.75600528717041,"orthographic":false}